customer_id,name,email,city,signup_date
1,Susan Hernandez,eric78@example.org,Shelbyville,2024-07-23
2,Autumn Underwood,wilsonronald@example.com,Lake Josephfort,2026-01-24
3,Anne Bryan,butlerteresa@example.com,Chavezhaven,2024-12-14
4,Megan Nelson,harrisclinton@example.org,Watkinsville,2025-09-16
5,Bryan Hill,woodtravis@example.org,Sanchezview,2025-11-24
6,Anna Miller,zlewis@example.com,North Eric,2026-01-16
7,Brandon Dean,ttate@example.com,Port Amberside,2024-10-13
8,Julie Jones,garciabrian@example.org,Rileyside,2025-07-16
9,Joseph Ingram DDS,dustinevans@example.net,Port Kathleenfurt,2024-10-02
10,Jamie Shepherd,tara60@example.org,Port Jenniferview,2025-10-20
11,Donald Huynh,michael30@example.net,North Michaelberg,2025-04-17
12,Andrew Young,hcastro@example.com,North Daniel,2024-03-12
13,Taylor Armstrong,thomas42@example.com,Maldonadofurt,2025-10-30
14,Joshua Henderson,nicholascowan@example.net,South Laurenton,2025-12-19
15,Gabriel Reynolds,allennoah@example.org,Lake Heather,2025-10-30
16,Rachel Burch,walterstevens@example.com,Briannaville,2024-06-17
17,Amy Walters,halldavid@example.org,East Carlos,2025-01-28
18,Tyler Riley,ashley82@example.com,New Rogerborough,2025-03-30
19,Daniel Simon,johngonzalez@example.net,North John,2024-09-18
20,Daniel Knapp,nchen@example.org,Amandaview,2024-07-11
21,John Curtis,tgraham@example.net,Juliestad,2024-07-02
22,Abigail Everett,gwest@example.net,Juanmouth,2026-01-06
23,Sandra Medina,kchan@example.net,East Drewburgh,2025-05-28
24,Linda Jackson,sean48@example.com,Port Paul,2025-09-26
25,David Brown,lopezlauren@example.org,Mejiamouth,2025-03-20
26,Stephanie Navarro,taylor48@example.org,Jamesborough,2025-08-08
27,Randall Wallace,averybrian@example.net,North Katelyn,2024-12-19
28,Joshua Griffin,millerfrank@example.com,South Sherri,2024-08-08
29,Daniel King,nfitzgerald@example.com,New Gerald,2024-05-12
30,Christina Gonzales,fjames@example.net,Port Harry,2025-03-30
31,Danny Perez,cynthiahamilton@example.com,Robertchester,2024-04-12
32,Todd Chan,don42@example.net,Phammouth,2024-12-30
33,Joshua Williams,conleydenise@example.org,South Ashley,2024-04-14
34,David Jensen,brightnicholas@example.net,West Kellyfurt,2025-12-30
35,Lisa Short,christine28@example.org,Lake Michelleland,2024-04-04
36,Nicholas Gonzalez,beckbeth@example.com,Johnsonchester,2025-09-23
37,Jordan Sullivan,bnixon@example.org,Burkeside,2024-07-04
38,Steven Jones,kimberlysweeney@example.org,South Alisha,2025-03-04
39,Jordan Peterson,kevin90@example.com,Michelechester,2024-06-20
40,Charles Martinez,galexander@example.net,West Christinestad,2024-07-11
41,James Williams,dglover@example.com,Smithville,2025-11-17
42,Micheal Cook,dillonellen@example.org,Moniqueberg,2024-04-28
43,Glenn Bates,jessecarter@example.org,South Patriciaside,2025-10-13
44,Lynn Fisher,josephbaker@example.com,Ericatown,2024-12-23
45,Stephen Jones,fcarroll@example.com,Christianfort,2025-02-22
46,Lauren James,lsanchez@example.com,Hoffmanberg,2024-05-13
47,Brandy Grant,qfranklin@example.net,North Roberthaven,2025-12-29
48,Michele Rodriguez,stephanie09@example.net,South Vincenttown,2025-02-22
49,Jerry Orozco,lorettanelson@example.com,Gonzalezport,2025-02-06
50,Tyler Anderson,kerriadams@example.com,Lake Michelle,2024-12-01
51,Marisa Bennett,vsmith@example.com,Port Patricia,2024-11-20
52,Sally Harris,michael50@example.com,West Amanda,2025-11-19
53,Ryan Smith,ianwillis@example.net,Donnaview,2024-08-14
54,Leslie Hale,vmora@example.com,Shahshire,2025-02-09
55,Rachel Johnson,johnsonmichael@example.net,West Ryan,2025-09-23
56,Melissa Callahan,baileychristopher@example.org,Port Samantha,2025-06-05
57,Christopher Thompson,wallaceevan@example.org,Westview,2024-06-14
58,Keith Olsen,simmonsmelissa@example.org,Cynthiaville,2025-11-21
59,Lee Holloway,ubowman@example.org,Port Troyland,2024-08-15
60,Daniel Richards,johnlong@example.net,Estradafort,2024-08-29
61,James Huang,angelasmith@example.net,North Stacieton,2025-01-08
62,Shannon Smith,vwilliams@example.net,West Ryan,2025-10-09
63,James Juarez,hawkinskatrina@example.com,Port Brittany,2024-03-19
64,Kim Brown,mcconnellarthur@example.com,Jonesberg,2025-06-21
65,Steven Flores,mcguirejerry@example.net,Turnerside,2025-05-07
66,Melvin Green,timothycross@example.com,East Ericashire,2025-09-22
67,Caleb Warren,angelaleon@example.com,Port Raymond,2024-11-23
68,Kelly Newton,felicia19@example.org,Davidview,2025-07-28
69,Ralph Wallace,alexander31@example.com,Chavezfurt,2025-01-11
70,Leslie Rodriguez DDS,patty71@example.com,Davidville,2026-01-04
71,Jacqueline Green,pamelasmith@example.com,East Amandamouth,2025-06-30
72,Brittany Woods,zpearson@example.org,North Jacob,2024-11-07
73,Mark Lester,troy43@example.net,Hansonside,2025-08-11
74,Heather Dunn,michael66@example.net,West Breanna,2025-11-03
75,Natalie Dudley,watsonjonathan@example.net,Randyberg,2024-05-02
76,Michelle Keith,rhernandez@example.net,Phillipsmouth,2024-07-02
77,Brett Newton,kryan@example.com,Lake Marthahaven,2025-02-08
78,Jeffrey Howard,matthew03@example.com,Mcconnellfurt,2025-11-05
79,Christopher Woodward,amymartinez@example.com,West Taramouth,2024-05-12
80,Melissa Jackson,jonesalejandro@example.com,Johnsonfurt,2025-10-20
81,Robyn Chambers,tiffanyfranklin@example.com,Garzaview,2024-02-20
82,Erin Warner,sarahughes@example.com,Lake Autumn,2025-10-24
83,Amanda Finley,dennis49@example.net,Andrewfurt,2025-03-26
84,Kayla Baker,micheleberry@example.com,Haysshire,2025-01-10
85,Anna Chavez,thomas76@example.net,Lake Paulland,2024-07-22
86,Becky Richardson,idavis@example.net,New Michellechester,2025-10-01
87,Valerie King,jeffreyramsey@example.com,Stephensstad,2024-11-07
88,Michael Anthony,keyjeremiah@example.net,Lake Aaronville,2026-02-03
89,Scott Ross,luke96@example.net,North James,2025-06-29
90,Joshua Bennett,hansonjason@example.org,Woodbury,2025-10-25
91,David Russell,bwhitehead@example.net,Hillberg,2025-01-18
92,David Johnson,kevin50@example.net,Mendozaburgh,2025-02-10
93,Pamela Byrd,adamsderek@example.org,Evansstad,2025-04-10
94,David Perez,caleb26@example.net,Reynoldsfort,2025-03-21
95,Emily Young,debbiejacobs@example.net,Villanuevashire,2025-09-07
96,Melinda Dawson,ashley27@example.org,Laurenland,2024-10-13
97,Mr. Robert Edwards,mruiz@example.com,Whiteside,2025-04-03
98,Tamara Smith,kwood@example.com,Port Phillip,2026-02-03
99,Danielle Pollard,jonathan36@example.com,North Richard,2026-01-23
100,Mr. Luis Cardenas Jr.,michaeldavis@example.org,New Fernando,2026-01-16
101,Dylan Garcia,williamsroy@example.com,Travischester,2025-12-03
102,Kristen Flores,reyessean@example.org,Brandonmouth,2024-07-07
103,Jason Schmidt,plang@example.net,Jamesfort,2024-06-02
104,Adrian Dillon,ijohnson@example.org,West Stacyberg,2024-04-13
105,Paul May,fieldsmelissa@example.org,South Robert,2025-05-16
106,Dr. Karla Wilson,kimberlyhoover@example.com,West Rachel,2024-09-09
107,Robert Newton,moralesjerry@example.net,Stevenmouth,2024-12-01
108,Michael Lopez,brownhannah@example.net,South Denise,2024-04-06
109,Chelsea Mullen,shawn96@example.net,Kimshire,2024-09-19
110,Antonio Stevens,tannerangela@example.com,Port Seanstad,2025-06-23
111,Kenneth Green,kenneth09@example.net,East Tonyaland,2024-10-30
112,Justin Cook,rking@example.net,Simpsonton,2024-04-02
113,Todd Galloway,jillwright@example.net,New Gregoryshire,2024-03-13
114,Robert Quinn,william53@example.com,Lake Russellland,2024-07-14
115,Matthew Davis,lsanchez@example.net,Burgesstown,2025-01-22
116,Christopher Reyes,dianesanchez@example.com,North Danielton,2024-07-29
117,Mark Mejia,elizabeth83@example.com,North William,2025-09-21
118,Katherine Hernandez,kperez@example.net,Mezaberg,2025-07-25
119,Matthew Navarro,davisemily@example.com,South Darren,2024-07-22
120,Mr. Brandon Mcmahon MD,johnvillarreal@example.com,North Angela,2024-02-25
121,Kathleen Wagner,barbarahayes@example.com,Hooverside,2025-02-04
122,Luke Carpenter,timothyramirez@example.net,Hayleyside,2025-01-15
123,Amanda Turner,anthonyskinner@example.com,Michaelstad,2026-02-01
124,Denise Davis,scottallen@example.com,Boltonchester,2025-02-03
125,Lawrence Parrish,davidpreston@example.com,Hawkinsborough,2025-07-05
126,Nicole Johnson,youngandrew@example.net,Glennburgh,2025-07-12
127,Mrs. Brianna Johnson DDS,adamsdiana@example.org,West Katelyn,2024-08-30
128,Kenneth Garcia,traceypowell@example.org,Charlesberg,2025-11-10
129,Melissa Miller,dyoung@example.net,Keithfurt,2025-09-11
130,Heidi Anderson,jason03@example.net,West Tina,2025-10-26
131,Sherri Miles,tjohnson@example.org,Lake Jenniferfort,2025-07-31
132,David Lewis,patrick31@example.com,Port Amandaville,2025-03-31
133,Erik Patterson,scottgreen@example.net,Andersonhaven,2025-01-15
134,Michael Underwood,drew05@example.net,Lake Samanthafort,2024-06-02
135,Ronald Foster,jennifergreene@example.net,North Jose,2025-11-30
136,Kevin Williams,jvilla@example.com,West Thomas,2024-10-27
137,Kristen Ashley,murrayrobert@example.org,Stevenhaven,2024-07-25
138,Vicki Klein,garrett00@example.net,Whiteside,2025-04-14
139,Eric Allen,gary83@example.net,Lake Haley,2024-11-09
140,James Freeman,snydermichael@example.net,New Diana,2024-06-19
141,Thomas Carney IV,gmorgan@example.net,Port Stephen,2026-01-05
142,Elijah Jackson,rlopez@example.org,New Sarahport,2025-03-18
143,Christopher Mccall,cynthiacoleman@example.org,Crystalport,2024-05-09
144,Sarah Sanders,cruzjennifer@example.com,Port Chadfurt,2025-04-20
145,Tina Porter,roserachel@example.org,East David,2024-04-28
146,Sean Olsen,joseph29@example.com,East Jerry,2025-05-08
147,Ray Henderson,anthony33@example.net,North Maurice,2025-11-15
148,Carol Hughes,russellalvarado@example.net,Lake Tracy,2024-11-19
149,Ronald Soto,elliottsamantha@example.org,Jacquelineton,2024-11-29
150,Kevin Rodriguez,jenna59@example.com,Johnmouth,2026-01-20
151,Jennifer Walsh,veronica70@example.org,Stephensfurt,2025-06-05
152,Paul Delgado,afrey@example.org,Richardberg,2025-06-07
153,Johnathan Norris,daniel27@example.com,West Brandonstad,2024-11-25
154,Jamie Brown,wanda71@example.net,Brianaport,2024-07-26
155,Jacob Massey,ajordan@example.net,North Deanberg,2026-01-24
156,James Clark,mnguyen@example.net,Thomasport,2025-12-30
157,Stephanie Jimenez,sarah47@example.com,Gomezside,2025-06-05
158,Henry Jones,leejessica@example.org,Lake Jonathanborough,2025-03-09
159,Victor Beard,bakersteven@example.org,Huffmanton,2024-07-11
160,Carl Kennedy,patrickvelasquez@example.net,West Leslie,2024-03-23
161,Ashley Soto,brownnicole@example.com,Robertshire,2025-03-28
162,Lisa Watson,amandawilson@example.org,Lake Jenniferview,2025-10-06
163,Charles Swanson,omartinez@example.net,Reneeshire,2025-07-31
164,Anna Chapman,martinezchristian@example.net,Nguyenchester,2024-10-30
165,Thomas Pierce,beth08@example.com,East Kristin,2024-07-09
166,Mariah Cabrera,gabriela27@example.net,West Kimberlyberg,2024-07-06
167,Kelly Lewis,beanronald@example.com,Evantown,2024-05-25
168,Logan Washington,zadams@example.com,West Thomasbury,2025-10-03
169,Michelle Cowan,christopherhughes@example.org,Lake Travisside,2025-03-20
170,Timothy Ellis MD,donnawalker@example.com,West Annafort,2024-04-08
171,Karen Williams,morrisjennifer@example.com,West Heather,2024-08-22
172,Angela Stewart,brentcaldwell@example.net,Timothymouth,2025-05-20
173,Charles James,uwoodard@example.com,Douglasport,2025-08-16
174,Alison Morton,edward14@example.com,Millerborough,2024-03-11
175,Pamela Mcmahon,rmoore@example.org,Allenview,2025-01-01
176,Breanna Frost,bennettmartin@example.org,Port Todd,2025-12-27
177,Jenny Combs,pjones@example.net,North Andresburgh,2025-02-26
178,Steven Brown,nealkyle@example.org,Wardfurt,2025-01-05
179,Tara Warren,rlin@example.org,West Jesse,2025-07-27
180,Jennifer King,hutchinsonkeith@example.com,South Emily,2025-12-21
181,Amy Lopez,steven44@example.com,Ellisview,2025-04-29
182,Pamela Saunders,christie50@example.net,Ivanburgh,2025-02-07
183,Keith Madden,lsmith@example.net,West Joshuaside,2024-03-31
184,Shirley Jackson,seanchristian@example.com,Lake Davidberg,2025-09-15
185,Rita Mays,christopherjackson@example.net,South Hannahside,2024-12-16
186,Kyle Payne,lisaflores@example.com,Bruceland,2025-12-17
187,Michael Cowan,cmiller@example.org,Annaville,2025-06-10
188,Mary Martinez,ralexander@example.org,Chavezhaven,2025-11-18
189,Jason Gardner,steven06@example.com,West Alexanderport,2025-03-10
190,Suzanne Wilson,eclark@example.net,Dianaborough,2024-09-01
191,Shane Odom,arellanojared@example.com,Tylerville,2024-10-15
192,Brandi Vaughan,richardwoodard@example.com,Port Sandra,2025-09-25
193,Mathew Mcbride,hrojas@example.org,Lake Tonymouth,2025-03-20
194,Jerry Foster,barbara47@example.org,East Jeremyfurt,2025-08-31
195,Rebecca Watson,bhowell@example.org,Fitzgeraldfurt,2024-10-30
196,Jennifer Larson,alicia11@example.com,Lake Harold,2024-09-10
197,Jorge Brown,wardjeffrey@example.com,New Laurenside,2024-06-27
198,Brian Kerr,gloriadavis@example.com,West Cassandraton,2026-01-08
199,Dana Oconnor,samantha43@example.net,Pamelaburgh,2024-09-20
200,Kyle Molina,tammy25@example.net,North Michelleberg,2024-06-17
201,Jeremiah Cohen,pamela19@example.com,Lake Paulburgh,2024-05-16
202,Jonathan Curry,jeffreyscott@example.com,Ramirezmouth,2026-01-28
203,Mariah Lynch,coopermarvin@example.net,Hugheston,2025-12-08
204,Amanda Lawson,joshua62@example.com,Port Georgebury,2024-12-11
205,Dr. Nicholas Khan Jr.,kevin89@example.com,Lisaburgh,2024-11-20
206,Michael Garcia,hannah47@example.org,Port Casey,2025-05-05
207,Julia Johnson,larryoneal@example.net,New Lisa,2025-04-25
208,David Cox,millerdavid@example.net,North Christopherborough,2024-11-08
209,Michael Williams,johnsonshelby@example.org,Roblesmouth,2025-11-14
210,Todd Austin MD,garciajames@example.org,Robertview,2024-10-27
211,Kelly Peterson,joshuastrong@example.net,Sabrinamouth,2024-10-15
212,Melanie Swanson,bettyshea@example.net,Russellside,2025-04-28
213,James Adams,garcialinda@example.org,Ashleyton,2025-11-19
214,John Ellis,jonathan91@example.net,Lake Brittany,2025-04-16
215,Kenneth Pittman,garychase@example.org,East Meganville,2024-11-17
216,Steven Stuart,jasonwaters@example.org,South Terry,2024-11-18
217,Benjamin Strickland,darrell05@example.com,South Pam,2025-02-09
218,Kathleen Adkins,fday@example.net,Jonathanport,2024-09-21
219,Cory Brown,carterdenise@example.com,Vazquezberg,2025-12-30
220,Antonio Williams,rebeccalutz@example.org,South Nicholas,2024-06-02
221,Diana Green,cwyatt@example.net,New Jenna,2025-10-04
222,Jennifer Hayes,kristenschwartz@example.net,Brandonland,2025-07-01
223,Joseph Flores,matthewskimberly@example.org,Pittmanborough,2024-07-18
224,Samantha Hickman,nwelch@example.net,Padillafurt,2025-07-13
225,Angela Higgins,charlesallen@example.org,Adamfurt,2025-09-15
226,Tiffany Perez,qbaird@example.net,Masonhaven,2024-10-10
227,Barbara Smith,adamsdaniel@example.net,New Fred,2026-01-12
228,Emily Freeman,bguzman@example.org,Greenemouth,2024-12-02
229,John Craig,jason49@example.com,West Shane,2024-12-27
230,Justin Fitzgerald,averycourtney@example.org,Patrickfurt,2025-04-05
231,Steve Burgess,mariacastillo@example.net,Debramouth,2024-10-20
232,Mr. Jeffrey Burke,deborah34@example.net,North Thomas,2025-09-17
233,Christina Davis,ucurtis@example.org,Bethhaven,2025-12-25
234,Shawn Callahan,mcdanielrichard@example.com,New Christopherborough,2025-12-24
235,Brenda Johnson,michelle05@example.net,Jacksonberg,2024-10-22
236,Susan Hughes,gregoryjames@example.com,Porterside,2024-09-11
237,Kimberly Pineda,christophercampbell@example.net,North Johnton,2025-12-13
238,Carlos Harding,davidholmes@example.org,North Williammouth,2025-03-16
239,Krystal Jones,mark48@example.com,Lake Savannah,2025-07-12
240,Erin Gardner,davidhurley@example.com,Anthonystad,2024-10-28
241,Joseph Bowers,scottwhite@example.com,Frankborough,2025-11-01
242,Andrew Malone,randy93@example.net,Lake Kylemouth,2024-02-23
243,Jamie Williams,turnercarrie@example.net,North Beverly,2024-06-18
244,Robert Snyder,abenson@example.org,New Pamela,2024-07-15
245,Wendy Young,jason04@example.com,East Megan,2025-08-15
246,Joseph Terry,wellsmatthew@example.org,Lake Annebury,2024-04-12
247,Mrs. Michelle Gomez DVM,kellyhernandez@example.org,East Joseph,2024-09-12
248,Joshua Scott,lauragreen@example.org,Port Christina,2024-10-23
249,Sandra Cole,smorris@example.org,Port Kristenmouth,2025-04-15
250,Paula Stevens,vstrickland@example.net,East Johnland,2025-12-05
251,Andrew Chavez,dritter@example.net,Higginsview,2025-12-08
252,George Jones,philip28@example.com,Lake Hollyberg,2025-01-30
253,Carlos Munoz,browntodd@example.com,Kathryntown,2024-04-08
254,Nicholas Kramer,joseph71@example.org,New Cynthiamouth,2025-05-02
255,Andrew Davis,kimberly07@example.org,Hendersonbury,2025-03-15
256,Mrs. Jacqueline Johnson MD,kathytownsend@example.com,Aguirrestad,2025-08-08
257,Jill Porter,ilucero@example.net,Adkinsborough,2025-09-16
258,Cheryl Johnson,vtorres@example.org,Edwardborough,2025-04-24
259,James Allen,farmermark@example.net,South Jameston,2025-01-05
260,Stephen Roberts,markcurtis@example.org,Lake Courtney,2024-05-28
261,Brian Vaughn,scottstephen@example.org,Lake Ianside,2024-12-02
262,Catherine Watson,yjimenez@example.org,South Josephville,2025-03-24
263,Christopher Nunez,stephen49@example.com,Farmertown,2025-06-03
264,Dylan Khan,yvonnewalton@example.com,South Saraborough,2026-01-31
265,Victoria Smith,luispatrick@example.net,South Johnland,2025-11-28
266,Sarah Delgado,williamstony@example.net,South Edwardhaven,2024-06-06
267,Veronica Dunlap,pmyers@example.net,South Toni,2025-10-20
268,Philip Mckee,solomondennis@example.net,Kelleyfort,2024-02-28
269,Diana Sexton,agill@example.net,New Kennethmouth,2024-12-15
270,Alyssa Campbell,stephaniepatel@example.net,Lake Patrick,2025-05-19
271,Ashley Harris,jasmine49@example.net,Shawnfort,2025-04-03
272,Breanna Perry,zkline@example.net,Smithville,2024-11-04
273,Mrs. Terri Nelson,amanda31@example.com,Millerland,2025-02-26
274,Hailey Lutz,jenniferphillips@example.org,Lake Amber,2025-09-30
275,Tracey Garza,elizabeth30@example.net,South Adam,2025-03-02
276,Allison Franklin,allisonlucas@example.com,New Heathershire,2025-06-04
277,Joel Sanchez,reynoldsjonathan@example.net,Lopezport,2024-10-22
278,Seth Green,kmartin@example.net,North Pamelatown,2025-06-24
279,Catherine Cobb,smithemily@example.net,Wrightfurt,2026-01-19
280,James Bartlett,mrose@example.org,Carterberg,2024-04-07
281,Dr. Anthony Matthews,xsmith@example.org,Bryanborough,2024-08-06
282,Tonya Morales,nramirez@example.net,Port Bryanmouth,2025-10-02
283,Christine Mcgee,toni18@example.com,West Michael,2024-09-24
284,Gloria Clark,rowen@example.net,South Rhondastad,2024-06-06
285,Karen Thompson,sabrinarobinson@example.com,Port Jason,2024-08-30
286,Brandy Dawson,patricia34@example.org,East Ronaldside,2024-03-05
287,Jody Campbell,lisa44@example.net,Lake Tony,2025-03-17
288,Brandon Maldonado,ramirezbarbara@example.net,Christophershire,2024-12-06
289,James Lewis,brandon34@example.org,Caseview,2024-02-20
290,Dennis Wilson,ryanwaters@example.net,Lake Robertberg,2024-11-04
291,Justin Griffin,wilsonchristopher@example.net,East Ronaldborough,2024-05-16
292,Jason Novak,raymonddonald@example.com,Moorestad,2025-06-18
293,Andrew Lewis,johnhansen@example.net,Isabellaville,2024-10-05
294,Debra Freeman,cynthiagarza@example.com,Port Alexander,2025-06-10
295,Christopher Stevens,ksmith@example.com,New Robert,2024-09-24
296,Eric Baker,cherrysamantha@example.org,Port Meaganmouth,2024-12-28
297,Brandon Manning,ujoyce@example.com,Smithton,2025-08-30
298,Paul Doyle,glennmorgan@example.com,Lake Lesliebury,2025-04-27
299,Olivia Jones,donnamoore@example.org,Jacksonchester,2025-10-21
300,Kimberly Yoder,xwest@example.org,Sosashire,2025-02-11
301,Stacey Thompson,jasonhammond@example.net,Harrisonmouth,2024-11-17
302,Natasha Owens,angelsnyder@example.net,Port Valerieton,2024-12-20
303,Jasmine Prince,tinahogan@example.org,Daviston,2025-10-04
304,Doris Williams,april51@example.org,North Kristinechester,2024-11-15
305,Theresa Clark,briannalewis@example.com,New Marvinmouth,2024-03-05
306,Jesus Brown,zachary62@example.com,Littleland,2024-03-27
307,Michael Jordan,knightwilliam@example.com,Gregoryville,2024-09-07
308,Michael Whitehead,charles72@example.org,West Scott,2025-05-31
309,Andrea Patton,danielhenderson@example.net,South Jenniferbury,2024-03-08
310,Thomas Mcclain,thomas29@example.org,Karenbury,2025-04-12
311,Jeffrey Schroeder,esims@example.net,Port Keithberg,2025-02-05
312,Brenda Robertson,nathanhart@example.net,Edwardsberg,2025-11-11
313,Cody Stephenson,haynesmelinda@example.net,East Peggy,2025-09-15
314,Ashley Clay,lisacampos@example.net,New Steven,2025-11-28
315,Scott Stewart,tlopez@example.net,Danielton,2025-07-02
316,Andrew Cortez,smithsarah@example.net,New Michaelborough,2024-12-18
317,Micheal Esparza,alisonjones@example.org,Kimburgh,2025-04-17
318,Kaitlin Middleton,danielnorton@example.org,Perryfurt,2025-09-11
319,Dawn Miller,chad93@example.com,West Krystal,2025-10-27
320,Alicia Medina,reneelynch@example.net,Rosschester,2024-05-19
321,Michael Dixon,mbarber@example.org,East Deborahstad,2025-11-08
322,Caroline Vargas,ramirezlisa@example.net,Simmonsberg,2024-08-29
323,Mary Wilson,christophergallegos@example.org,Hoodmouth,2026-01-24
324,Michael Rocha,twelch@example.net,Port Christopher,2025-07-10
325,Matthew Brown,ashleynelson@example.org,Edwardsstad,2025-11-17
326,Kathleen Jackson,morganjoseph@example.net,West Margaret,2025-05-07
327,Seth Hill,teresa10@example.org,Joneshaven,2024-03-22
328,Jared Barnes,williamsjoseph@example.net,Vickieshire,2024-06-09
329,Taylor Allen,duncanchristopher@example.net,Sandraborough,2024-04-15
330,Jacob Calhoun,brian53@example.com,New Ashley,2024-12-12
331,Daniel Walters,snyderdonna@example.com,East Eric,2024-05-13
332,Shawn Anderson,nallen@example.com,Michaelstad,2025-06-06
333,Elizabeth Espinoza,davidtrujillo@example.org,South Charleston,2025-11-03
334,Jeffrey Medina,bmcclure@example.org,Johnstonton,2024-03-29
335,Jonathon Escobar,samanthahuynh@example.net,New Amanda,2024-06-28
336,Victoria Donaldson,bennettsean@example.net,Katherineborough,2025-08-07
337,Antonio Reed,fkelley@example.net,Phillipsstad,2026-02-15
338,Rachel Curry,matthew75@example.com,Mccormickport,2024-10-16
339,Jonathan Becker,amber77@example.net,West Hannah,2025-06-07
340,Kyle Howard,oadkins@example.com,Morganstad,2024-05-28
341,Brian Martinez,qdennis@example.org,Christytown,2025-05-10
342,Bryan White,nsanchez@example.com,Arthurborough,2025-03-14
343,Amanda Fowler,nathan68@example.org,Mcdonaldborough,2025-07-04
344,Tina Simon,jessica31@example.org,Christensenland,2024-12-05
345,Wendy Bailey,krojas@example.net,Johnnyton,2025-05-16
346,Darlene Castillo,jamesgarcia@example.org,Port Marvinview,2025-03-29
347,Lee Morrison,jennifer97@example.org,Lake Sabrina,2025-11-29
348,Denise Benitez,dnguyen@example.org,Bautistaside,2024-08-20
349,Jodi Fisher,whitneydavis@example.com,Kruegerside,2025-03-09
350,Kevin Hall,jhammond@example.com,Timothyfurt,2024-05-22
351,Dylan Howell,johnsontony@example.org,South Josephchester,2025-07-31
352,Shannon Riley,kylesantos@example.net,Jordanport,2025-01-30
353,Kaitlyn Hendricks,proberts@example.com,Lake Timothyberg,2025-01-01
354,Tammy Yates,jamiemitchell@example.org,Annmouth,2025-03-07
355,Amy Cooper,steven35@example.net,West Jasonside,2025-10-12
356,Eric Abbott,bryancrawford@example.org,Mirandaborough,2026-01-26
357,Jason Santiago,hubbardmichael@example.net,Gabrielside,2025-07-31
358,Bryan Parker,denise85@example.org,Loganton,2024-08-11
359,Ana Marshall,natkins@example.net,Port Michael,2024-05-04
360,Jacob Alvarez,joseph48@example.com,Singhton,2025-08-19
361,Julia Smith,michaellee@example.org,Derrickhaven,2025-07-08
362,Tiffany Castro,josephvanessa@example.org,Justinchester,2024-04-15
363,Terry Jones,jesus55@example.org,Port Lisahaven,2025-05-24
364,Seth Chan,courtneyboyer@example.com,West David,2024-08-11
365,Jose Campbell,mark34@example.com,Amyborough,2024-03-10
366,Julie Harper,zachary96@example.net,New Alec,2025-07-12
367,Kelsey Clark,meganwatts@example.net,Newmanchester,2025-01-27
368,Jared Callahan,shannon09@example.org,West Bradleymouth,2024-06-13
369,Joshua Campos,galvanashley@example.net,East Brittany,2024-07-14
370,David Brown,yvonnehernandez@example.org,Port Brendanfurt,2024-06-09
371,Austin Gonzalez,michaelpatrick@example.com,Yorkland,2025-10-09
372,Michelle Glover,sandovalalbert@example.org,New Courtneyfurt,2025-10-28
373,Danielle Reese,bkeller@example.net,Bryanttown,2025-04-03
374,Glenn Parks,jgill@example.org,Trevorland,2024-03-27
375,James Ortiz,caroljones@example.net,Jessicaton,2025-11-01
376,Eric Lee,aprillewis@example.com,North Aliciastad,2024-03-11
377,Michelle Padilla,gabriellaabbott@example.org,Martinezport,2024-10-15
378,Jennifer Brown,marcus22@example.org,South Susan,2025-03-24
379,Tyler Ross,bennettjohnny@example.net,Downsburgh,2025-02-03
380,Julie Holland,beth96@example.net,Lake Jill,2025-08-02
381,Lisa Gonzalez,kennethjackson@example.net,South Alexhaven,2024-08-07
382,Angela Morales,michael57@example.net,Malikmouth,2025-12-17
383,Kimberly Esparza,xreyes@example.org,Leeton,2026-02-10
384,Brian Jones,scampos@example.com,South Ryan,2024-09-25
385,Mark Kim,grantdanielle@example.net,West Rhonda,2024-04-15
386,Krista Martinez,elizabeth64@example.org,Stephenchester,2025-11-16
387,Mary Beck,jason48@example.net,Larsenshire,2024-03-21
388,Laurie Walker,jessica63@example.com,East Lawrencechester,2025-05-14
389,Kyle Macias,smithdawn@example.org,South Kathleen,2024-05-08
390,Jason Freeman,ehill@example.com,Lorishire,2024-04-10
391,Thomas Werner,william97@example.com,Port Karenchester,2026-01-21
392,Jeanette Ward,geraldphillips@example.com,South Justinview,2024-06-23
393,Jason Le,znewman@example.org,Hernandezhaven,2025-06-08
394,Angela Griffin,leslie73@example.org,East David,2025-01-15
395,Jeffrey Wallace,ashley33@example.net,Harveyland,2025-06-23
396,Sarah Anderson,katie12@example.org,New Stephenport,2024-07-28
397,William Mendoza,gmarshall@example.com,Pettymouth,2024-04-14
398,Kimberly Harris,jesussanchez@example.net,Annland,2025-09-08
399,Thomas Weber,jonathan69@example.com,Ericberg,2024-06-18
400,Allison Rodriguez,teresaware@example.org,Robertmouth,2024-08-10
401,David Johnston,dana76@example.org,Lake Patrickmouth,2025-03-10
402,Victoria Marquez,jeffreybeck@example.org,Christopherhaven,2025-07-08
403,Heidi Mendoza,jonathan25@example.net,New Sarahmouth,2025-01-20
404,April Barnes,jessicawilson@example.net,New Jenniferfurt,2024-09-21
405,Colleen Brown,wrightkaitlin@example.net,Jessicaville,2025-11-03
406,Jacob Bryant,jwhitney@example.org,Jocelynmouth,2025-11-19
407,Nancy Flores,ulawrence@example.com,East Richard,2025-06-30
408,Theresa Joyce,charles83@example.org,South Rachelfurt,2024-09-13
409,Rodney Ramirez,xjohnson@example.org,Osbornchester,2025-05-06
410,Julie Johns,sandrapatrick@example.com,New Davidville,2024-10-25
411,Zachary Hill,umadden@example.com,Port Timothy,2024-04-17
412,Mr. Lucas Stevens,smithchristine@example.net,Jamestown,2025-05-12
413,Tasha Anderson,smitchell@example.com,South Karenchester,2024-04-29
414,Eric Berg,melindafox@example.net,Adkinsland,2025-07-15
415,Lorraine Brown,jillian69@example.com,North David,2024-12-19
416,Barbara Cruz,williamhoward@example.net,Angelastad,2025-07-20
417,Thomas Jones,dlittle@example.net,New Carlaport,2024-09-30
418,Kelly Diaz,jeffreylane@example.com,Port Heatherstad,2026-01-26
419,Kim Hudson,mary93@example.net,New Kellymouth,2025-11-18
420,Troy Henderson,pharrison@example.net,Sarahtown,2024-03-22
421,Tommy Smith,parkerderrick@example.org,Jonestown,2026-01-08
422,Jacqueline Carrillo,dbishop@example.net,Kennethborough,2024-06-15
423,Ronald Hicks,meagan36@example.com,Martinhaven,2025-02-02
424,Michael Reed,crobbins@example.org,Connieberg,2025-02-22
425,Kyle Galvan,kingkatelyn@example.net,Lake Janet,2025-09-15
426,Melissa Daniels,sbender@example.org,South Catherinechester,2024-11-12
427,Bonnie Hayes,brandon68@example.org,Mercedesfurt,2024-09-17
428,Alicia King,katherinesteele@example.org,Ronniehaven,2025-05-20
429,Francis Blevins,whines@example.org,Erinport,2024-06-17
430,Eric Cummings,marc91@example.net,Bellview,2024-11-07
431,Katherine Thompson,john30@example.com,South Lisaport,2024-04-06
432,Walter Morris,eedwards@example.net,West Jonathan,2024-08-29
433,Daniel Rodriguez,terrance84@example.net,Port Sara,2025-06-06
434,Jennifer White,christopherbennett@example.net,Lake Emily,2025-02-23
435,Lori Scott,fuenteskelly@example.com,East Janet,2025-12-29
436,Stanley White,jamiepowers@example.net,Baxterview,2025-03-23
437,Jonathan Steele,erika73@example.com,Jonesland,2024-05-06
438,Mr. Aaron Scott,ublack@example.com,Jacquelineland,2026-01-24
439,Dustin Evans,shawamy@example.org,Lake Kathrynbury,2025-01-01
440,Vanessa Le,elizabeth95@example.net,South Juliahaven,2025-06-27
441,Jenna Thompson,florespaul@example.org,Parkerfurt,2025-06-24
442,Erin Li,jeremybrooks@example.com,South Jeremyland,2025-04-22
443,Roberto Graham,broy@example.net,Aaronberg,2024-06-23
444,Randall Wilson,llopez@example.org,Jameschester,2025-03-05
445,Dawn Vaughan,raymond20@example.org,Gonzalezport,2024-05-12
446,Andrew Moore,robert29@example.net,Lake Anthonyside,2024-10-09
447,Rebekah Sullivan,figueroachristine@example.com,Lake Brianport,2025-09-13
448,Margaret Dougherty,wilsonstephen@example.org,Cortezbury,2025-08-14
449,Madison Martinez,johnsoneric@example.net,West Katherineport,2024-06-07
450,Joshua Hernandez,wduncan@example.net,South Michaelfort,2025-12-15
451,Deborah Carlson,ryanharris@example.org,North Haileyland,2024-10-31
452,Stephanie White,cobbjennifer@example.com,Thomasland,2025-12-14
453,James Ortiz,angelaosborne@example.net,Lake Nicholas,2025-04-14
454,Derek Harris,daviswilliam@example.net,Lake Vanessa,2025-08-08
455,Jessica Burke,gregory91@example.net,West Nicholasside,2024-12-25
456,Steven Harvey,andrewsthomas@example.com,Foleyfurt,2025-10-20
457,Briana Rivera,cynthiaedwards@example.net,West Stephanie,2026-01-24
458,Ryan Miles,kaylakelly@example.net,New Johnny,2024-12-31
459,Charles Smith,keith77@example.net,East Philipshire,2025-09-11
460,Raven Thompson,mariah31@example.net,Katherineville,2024-05-08
461,Lucas Lamb,peterdouglas@example.com,Port Michael,2024-03-03
462,Anthony Rivera,stevestewart@example.org,Dixonshire,2024-09-09
463,Jill Wilson,leslie14@example.org,Markville,2024-04-22
464,Jessica Greene DVM,dbutler@example.org,Ambermouth,2025-08-30
465,Kevin Jones,barry59@example.org,Jamesland,2024-11-29
466,Philip Whitaker,shannon40@example.org,Jensenland,2025-05-20
467,Monica Hoffman,peterwest@example.org,South Shannonmouth,2024-03-11
468,Jennifer Sandoval,michele47@example.org,Zunigaton,2024-08-23
469,Christopher Snyder,gonzalezsusan@example.org,East Lisa,2025-02-06
470,Melissa Carter,lisa79@example.org,Port Johnbury,2025-10-28
471,Cindy Blackburn,ashleyhicks@example.org,Padillabury,2024-04-30
472,Nicholas Stuart,knightkimberly@example.com,Lake Gabriela,2024-05-27
473,Diane Walker,kyle95@example.com,North Christinamouth,2025-01-19
474,Melissa Scott,zsmith@example.com,South Denise,2025-03-17
475,Thomas Murillo,ambermartin@example.net,Port Justinfort,2025-08-24
476,Aaron Lozano,hwhite@example.org,Longtown,2024-12-26
477,Audrey Torres,jennifer34@example.com,North David,2025-03-18
478,Yolanda Turner,zwheeler@example.net,Sarahmouth,2024-06-10
479,John Wilson,allenanthony@example.net,Webbburgh,2024-04-08
480,Antonio Owens,jessica12@example.org,Manuelview,2024-10-18
481,Vanessa Mcdonald,hilltammy@example.net,Marshchester,2026-01-25
482,Robert Ryan,jessicawright@example.com,Angelamouth,2025-04-13
483,Matthew Austin,jamesserrano@example.net,New Rachel,2025-04-29
484,Amber Estes,cwallace@example.net,Port Shannon,2024-07-10
485,Jocelyn Taylor,cyang@example.net,Davidbury,2025-01-22
486,Tyler Trujillo,christensenannette@example.com,Jamesmouth,2025-01-25
487,Daniel Duke,michaelmatthews@example.net,East Michaelmouth,2024-03-12
488,David Garrett,nlandry@example.net,Barronside,2024-12-15
489,Alexander Lawrence,stephenpratt@example.org,New Jamesfurt,2025-03-17
490,Tammy Olson,ulindsey@example.com,Lake Markchester,2025-03-06
491,John Walters,bakerandrew@example.com,Kerrview,2024-09-25
492,Michelle Martin,salinasnatalie@example.org,Campbellmouth,2026-01-14
493,Katrina Nguyen,tanderson@example.net,East Mary,2025-07-01
494,Brandon Obrien,pkaufman@example.org,Homouth,2025-02-14
495,Lisa Alvarez,annedeleon@example.com,Port Brandihaven,2025-01-29
496,Rebecca Campbell,jamesthompson@example.com,Mezaview,2024-05-12
497,Lisa Knight,andrewsangelica@example.org,Lake Adam,2024-10-26
498,George Russell,reynoldsisaiah@example.org,Lake Jordanburgh,2025-12-12
499,Zoe Archer,amy01@example.net,Jonathanmouth,2024-07-06
500,Donald Whitaker,vincent96@example.net,West Michaeltown,2024-08-15
501,Lisa Moon,afuller@example.com,Port Heather,2024-11-28
502,Brett White,timothy23@example.com,Brownchester,2024-11-13
503,Brian Bruce,paul53@example.net,Amytown,2024-10-11
504,Paul Callahan,johnstein@example.org,Brandonbury,2025-10-03
505,Caitlyn Bowman,sjarvis@example.org,West Erica,2025-06-22
506,Jason Hill,andrea97@example.com,Gonzalezland,2024-03-23
507,Grace Owens,clarkstephen@example.com,Johnstad,2025-06-04
508,Matthew Castillo,scook@example.org,Lake Jessica,2025-05-27
509,Chris Lopez,ilopez@example.com,South Caseyview,2024-04-19
510,Lori Clark,zenglish@example.com,Lake Bryan,2025-02-20
511,Erin Woodard,matthewsweeney@example.com,Kellyburgh,2025-10-21
512,Pamela Morris,aprilelliott@example.org,East Aprilchester,2024-05-23
513,Mckenzie Reid,nmiller@example.org,North Rita,2024-11-26
514,Christine Williamson,davisamy@example.org,Hillbury,2024-02-23
515,John Stanley,steinrachel@example.org,South Robert,2024-03-01
516,Jenny Brown,herringanthony@example.net,South Cesarmouth,2024-04-05
517,Jose Bryant,rebecca97@example.com,Lake Jodifort,2024-02-19
518,Linda Hill,ythompson@example.net,New Lindsayland,2024-04-03
519,Kaitlin Bryant,dean23@example.org,Johnside,2025-11-14
520,Stephanie Jackson,adamskaren@example.org,Ricestad,2024-09-14
521,James Harper,ricky69@example.org,Port Leslieton,2024-04-15
522,Matthew Roberts,unguyen@example.org,Osbornebury,2024-12-14
523,Hannah Hunt,martinkimberly@example.org,Barbaraville,2025-11-22
524,Sally Parker,tylermccormick@example.net,East Jasonshire,2025-04-03
525,Patrick Woodard,nelsoncassandra@example.com,Sethberg,2024-11-26
526,Jennifer Booth,theresashields@example.org,Lake Andrew,2025-04-11
527,Joshua Black,along@example.org,Port Michaelview,2024-05-30
528,Nicole Martin,brenda94@example.com,North William,2024-12-26
529,Abigail Henderson,matthew89@example.org,Piercehaven,2026-02-12
530,Katherine Lopez,rreynolds@example.com,New Stevenhaven,2024-02-22
531,Katelyn Sullivan,lisa55@example.com,North Amychester,2025-12-07
532,James Russell,kimbrown@example.org,West Rebeccamouth,2025-05-24
533,Katherine Thomas,meganriddle@example.org,West Kristinbury,2025-11-26
534,Sergio Cruz,zlynch@example.net,New Diana,2024-12-19
535,Jennifer Chavez,thomasbarbara@example.net,Wellsberg,2024-12-02
536,Matthew Palmer,uwyatt@example.org,Port Brianna,2024-07-19
537,Kristin Lee,victoriatyler@example.net,Port Angelica,2025-08-30
538,William Clayton,awilson@example.org,Tuckerfort,2024-09-20
539,Christopher Bush,marcus46@example.org,Russofort,2024-09-17
540,Kristy Knight,michelle29@example.net,Josephmouth,2024-06-14
541,Brian Johnson,crystalgibson@example.net,West Jenniferborough,2024-08-13
542,Mr. Jonathan Nguyen,jacob63@example.com,Lake Curtisborough,2025-12-03
543,Bradley Banks,vreyes@example.com,East Matthewshire,2024-04-10
544,Carolyn Goodman,nmcdaniel@example.com,Halltown,2025-10-26
545,Alexander Cochran,timothy36@example.net,Josephside,2026-02-08
546,Marco Davis,billy64@example.org,Davidburgh,2024-07-15
547,Andrew Coleman,kimflores@example.net,Lake Edgar,2024-08-17
548,Nichole Mcmillan,guzmandebra@example.org,North Rachel,2025-04-13
549,Patrick Howard,tonyagomez@example.org,Steventon,2025-05-25
550,Lisa Gonzales,lindaclark@example.com,Robertton,2024-02-21
551,Gregory Munoz,watkinshannah@example.com,Gibsonburgh,2025-04-19
552,Krista Frederick,jstanley@example.net,Jonesmouth,2025-02-16
553,Clarence Buck,hmcmahon@example.net,South Thomasshire,2024-09-29
554,Elizabeth Duarte,hrivera@example.org,Floresfurt,2024-05-31
555,Jennifer Green,dbecker@example.com,Fosterfort,2025-12-31
556,Kyle Duran,robert10@example.org,New Emily,2024-03-13
557,Shelley Weber,irodgers@example.org,Port Kennethborough,2026-01-28
558,Victoria Montgomery,kristina16@example.com,North Michelle,2024-07-16
559,Mary Glenn,clinejames@example.net,Martintown,2024-06-10
560,Rhonda Smith,wjones@example.org,East Brian,2024-06-23
561,Mrs. Jessica Obrien DDS,reneemccarthy@example.net,Cynthiaberg,2025-09-10
562,Christopher Bishop,robert98@example.org,Cervantesberg,2026-01-18
563,Brandon Johnson,nyoung@example.com,Morganstad,2025-05-13
564,Martha Phelps,lrobinson@example.org,Burnettshire,2024-12-05
565,Jason White,trevoroliver@example.com,Sharonshire,2025-10-27
566,Jason Castillo,iacosta@example.net,West Angelaside,2025-06-01
567,Marc Holden,tnicholson@example.org,Harrisstad,2026-01-23
568,Zachary Freeman,cfoster@example.net,West Emily,2025-10-29
569,Dennis Collins,kimberly64@example.org,Juliahaven,2024-11-05
570,Stuart Gould,jeffrey44@example.com,North Timothyborough,2024-07-30
571,Laura Carter,stevenstyler@example.com,Annaberg,2024-12-29
572,Matthew Erickson,priscillabailey@example.com,Donburgh,2024-11-21
573,Ashley Nunez,mandybradley@example.org,Lake Shelbybury,2024-11-24
574,Rhonda Conrad,jessicaroberts@example.org,East Ryan,2024-04-26
575,Christopher Nelson,allenpatricia@example.net,Crawfordland,2024-08-04
576,Jeremy Roberts,isingleton@example.com,Evanstown,2024-09-04
577,Elizabeth Holmes,michellelopez@example.net,East Rebecca,2025-07-31
578,Brandy Schmitt,nicholasberger@example.net,Lake Bradley,2025-02-13
579,Katherine Smith,barbara37@example.net,Davismouth,2025-01-13
580,Jack Lee,david56@example.org,West Megan,2025-11-10
581,Richard Reynolds,gferguson@example.org,Lake Deborahside,2025-03-11
582,Joshua Lee,fullerthomas@example.org,Jacobmouth,2025-05-23
583,Nicole Davis,xjones@example.net,Michaelbury,2024-05-10
584,Selena Carpenter,qwilliams@example.org,South Lisa,2024-03-25
585,Christy Fitzpatrick,wfields@example.com,Mckeeborough,2025-08-09
586,Miss Virginia Pena,rortega@example.net,New Carlyton,2024-07-26
587,Charles Holt,edward13@example.net,Matthewview,2025-08-15
588,Patricia Casey,jflores@example.net,Johnsonmouth,2025-06-10
589,Jesus Wilson,myersmegan@example.org,Port Steven,2025-09-12
590,Jacqueline Adams,leonanita@example.net,New James,2025-05-24
591,Shawn Green,ginagordon@example.com,New Michellebury,2025-06-13
592,Angela Howard,zacharypeterson@example.org,Port Robert,2025-06-18
593,Tiffany Black,bradleyjacqueline@example.net,Bryanland,2024-11-12
594,Mr. Lance Landry,mcdanielrodney@example.org,North Biancafurt,2025-06-15
595,Michael Durham,rebekahwoodward@example.net,New Roberthaven,2024-11-27
596,Jonathan Lee,bobbygiles@example.org,Larsonmouth,2025-03-30
597,Aaron Forbes,ehunter@example.net,Lake Sherry,2024-11-04
598,Jon Smith,emmaclark@example.org,Christinamouth,2024-03-05
599,Randy Graves,mitchellcampos@example.com,Hoffmanshire,2025-04-28
600,Yolanda Martinez,nathancurry@example.com,Wardshire,2025-06-08
601,Bonnie Martin,patrick59@example.com,Devinshire,2024-04-12
602,Jared Anderson,dsanders@example.com,East Kathrynport,2025-11-08
603,Kevin Diaz,stephensashley@example.net,Port Haley,2025-09-05
604,Joshua Salinas,calvin84@example.com,East Williamtown,2024-09-20
605,Roy Hopkins,schaefercrystal@example.net,Paulstad,2025-09-26
606,Manuel Kirby,kimberlyhuerta@example.org,East Bonnietown,2025-06-18
607,Dr. Courtney Lawson,larry04@example.org,East Ethan,2024-12-30
608,William Valentine,rubenboyer@example.net,New Helenfurt,2024-12-11
609,Melanie Mckinney,noah38@example.org,Francisburgh,2025-09-30
610,Timothy Mooney,rmartin@example.net,Hannahstad,2025-05-20
611,Bradley Smith,samanthamay@example.com,Port Alexandra,2025-01-15
612,Bryan Hill,priscillaramirez@example.net,Stokestown,2025-08-08
613,Steve Russo,mollyparker@example.com,West Bonnie,2024-11-27
614,Christine Lee,jcollins@example.net,East Shelleyhaven,2025-07-16
615,Brittany Marshall,joseph34@example.com,South Dylan,2024-02-27
616,Kyle Martinez,dwade@example.com,New Michaelfurt,2025-07-22
617,Logan Russell,ashley67@example.net,North Kristenbury,2025-01-01
618,Brian Jones,rmaxwell@example.com,Lake Janiceside,2025-08-22
619,Andrew Case,michaela22@example.com,Mckayberg,2024-10-08
620,Rachel Martin,pattersonsteve@example.com,Daisyland,2024-09-01
621,Nathaniel Bailey,curtischristina@example.net,Alexisland,2025-04-05
622,Chad Harper,brittany14@example.com,East Jeremy,2024-03-18
623,Kelly Terry,tiffanyjackson@example.net,Lake Brianside,2025-06-04
624,Traci Baxter,charlesnorton@example.com,Lake Ashley,2025-12-29
625,Victoria Thomas,leah54@example.org,West Adam,2024-10-22
626,Tammy Gibson,lori45@example.com,Lake Kaylashire,2025-06-08
627,Mary Rios,jonesjamie@example.com,Kevinstad,2024-12-25
628,Ashley Jordan,randallwood@example.org,Anamouth,2024-12-15
629,Claudia Porter,ljohnson@example.com,North Alexisborough,2025-03-22
630,Ryan Foster,torresrachel@example.com,Jorgebury,2025-07-12
631,Christopher Shannon,williamaguilar@example.org,Bryanchester,2024-07-06
632,Susan Dean,zgreen@example.org,East Christyfurt,2025-04-29
633,Robert Mccall,rebecca34@example.org,Moodyborough,2025-09-28
634,Brian Jones,dennismendoza@example.org,Port Kathryntown,2024-04-20
635,Teresa Lopez,parkskatherine@example.com,Port Barryview,2025-07-09
636,Sarah Fuller,robert18@example.org,Gonzalezside,2024-10-12
637,Kayla Mills,rmcmahon@example.com,Jensenstad,2025-02-06
638,Jason Baxter,ashley41@example.com,Johnshire,2025-05-04
639,Sandra Paul,rachel41@example.com,East Ethan,2024-06-19
640,Lee Garza,bgrant@example.com,Port Rebeccaberg,2026-01-04
641,Christopher Fuller,gordonlisa@example.net,New Michelleville,2024-07-20
642,Jennifer West,paulapacheco@example.org,New Stephanie,2024-06-18
643,Micheal Walsh,russellmatthew@example.net,Port Wesleyborough,2024-03-21
644,Margaret Guzman,lisabell@example.net,Blackburnshire,2024-10-14
645,Martha Hernandez,diane70@example.net,West Melissamouth,2024-07-13
646,Joshua Cox,susan90@example.com,East Peggy,2025-11-08
647,Mr. Tracy Smith Jr.,rmendez@example.com,Johnnyborough,2025-02-15
648,William Smith,crogers@example.net,Wangville,2025-07-21
649,Danielle Hicks,amandagreen@example.org,Port Madelinefort,2025-09-26
650,Danielle Durham,markvillanueva@example.com,North Thomashaven,2025-08-11
651,Vanessa Peterson,johnsonmichael@example.org,South Melodystad,2024-11-07
652,Kyle Smith,paigethompson@example.com,New Jasonhaven,2024-08-24
653,Michelle Gibson,masonderek@example.net,Angelabury,2026-01-20
654,Debbie Cochran,yodermatthew@example.org,Lake Rachel,2025-05-14
655,Sara Smith,evanscrystal@example.org,New Alicia,2024-06-13
656,Aaron Thomas,hwilliams@example.com,North Michaelville,2024-10-09
657,Rebecca Holmes,xhudson@example.net,New Brandon,2024-02-24
658,Sara Francis,fmckinney@example.com,Leemouth,2025-12-12
659,Kendra White,pamela44@example.com,Georgeland,2026-02-09
660,Brittney Clayton,phillipthompson@example.org,East Anthonyberg,2024-12-26
661,Robert Patterson,amyweaver@example.net,Port Robertfort,2025-05-14
662,Kevin Young,davisjennifer@example.org,South Danielview,2026-02-14
663,Randall Price,amy28@example.net,Patriciastad,2024-04-28
664,Adrienne Hendrix,murphydanny@example.com,West Heather,2024-06-13
665,Steven Barber,jmaxwell@example.org,Wrightbury,2024-03-26
666,Brittany Cruz,steven06@example.com,Port Mariabury,2025-01-14
667,Mrs. Angela Hernandez,danielmitchell@example.net,Davidborough,2024-02-28
668,Andrew Price,thomaslucas@example.net,Port Staceyshire,2024-04-03
669,Jennifer Cox,hhoward@example.com,Josetown,2025-09-19
670,Pamela Mitchell,kristi41@example.org,Mooreton,2024-03-17
671,Laura Harper,cathy90@example.org,New Harold,2025-05-07
672,Stanley Jones,richardruiz@example.com,Parkerfort,2025-10-09
673,Edward Richard,isaiahscott@example.com,Wongborough,2025-01-06
674,Jeanne Bell,kimberlywalton@example.net,Monicaside,2024-10-01
675,Kenneth Johnson,bondsarah@example.com,Torresberg,2025-04-02
676,Alfred Elliott,zachary13@example.com,Kingburgh,2025-01-28
677,Mrs. Rebecca Ball,danielle46@example.com,Lopezland,2025-04-28
678,Jeffery Smith,nashlynn@example.net,Davischester,2025-10-21
679,William Davis,cthompson@example.net,Haleyberg,2024-11-16
680,Emily Alexander,thomascynthia@example.net,Davisfurt,2024-11-24
681,Richard Schneider,morganrachel@example.net,Joelland,2025-05-05
682,Scott Chaney,emiller@example.org,Rebeccabury,2025-07-10
683,Robert Evans,katherinedavis@example.net,Williamsmouth,2024-11-12
684,Matthew Thompson,tmiller@example.net,North Douglas,2024-06-05
685,Molly Anthony,sanchezzachary@example.net,Cartertown,2025-12-09
686,Matthew Perez,williamschristopher@example.org,North Amandaside,2024-10-04
687,Joseph Green,kevin09@example.org,Samanthafort,2025-05-15
688,Melinda Smith,jareddavis@example.com,Barbarafort,2025-07-09
689,Melissa Brewer,daytimothy@example.net,Ayalashire,2025-04-11
690,Jerry Vargas,gfernandez@example.net,South David,2026-01-09
691,Lauren Compton,burtonjoseph@example.org,Eugeneland,2024-04-21
692,Brandon Brown,kennethsmith@example.org,Lake Joseph,2026-01-14
693,Rebecca Allen,amandafrazier@example.net,Moorebury,2025-04-24
694,Stacy Turner,mckinneybetty@example.org,Espinozastad,2024-12-17
695,Joshua Herrera,thomas91@example.org,Port Laura,2024-04-17
696,Mark Johnson,daviskatie@example.org,Mooreton,2026-02-05
697,Catherine Allen,kristopher54@example.org,East Kevinhaven,2024-07-07
698,Brooke King,tyler95@example.net,East Justin,2025-08-01
699,Michele Alexander,monicaedwards@example.com,Graveston,2025-09-21
700,Victoria Glover DDS,jason27@example.org,Monroeberg,2025-05-17
701,Rebecca Salazar,alvarezamber@example.net,Randalltown,2026-01-24
702,Austin Dickson,brianellis@example.com,West Justin,2026-01-13
703,Rachel Ponce,josephfrost@example.org,New Johnmouth,2024-05-13
704,Erica Stewart,goldendanielle@example.com,Bondchester,2024-10-26
705,Eric Morgan,geraldsimpson@example.net,Jonesberg,2025-05-23
706,Ricky James,taylor40@example.net,Brucemouth,2025-09-18
707,Cassandra Powell,smills@example.org,Paulside,2024-04-21
708,Suzanne Martin,brandonanthony@example.com,Hannahland,2024-10-22
709,Micheal Clark,stephaniestone@example.com,Sandrafurt,2024-09-12
710,Kenneth Peterson,oedwards@example.org,Lake Jeffrey,2024-06-16
711,Timothy Cole,qcarter@example.net,Valdezfort,2025-10-21
712,William Peterson,richard17@example.com,Thomasmouth,2025-10-03
713,Steven Chandler,danielortiz@example.net,Rodriguezburgh,2024-12-15
714,John Bell,jonathan11@example.org,New Kevin,2025-06-07
715,Christian Sanchez,lisa27@example.net,Lindaberg,2025-06-29
716,Christopher Garza,aaronhancock@example.com,Reeveschester,2024-12-20
717,Nicole Thornton,meagan74@example.com,South Shanefort,2025-05-24
718,David Velazquez,wigginsnancy@example.com,New Christophermouth,2025-06-19
719,Janet Williams,gonzalesmark@example.com,Port Andrewmouth,2024-12-10
720,Troy White,ellen88@example.net,Lake Christinefort,2024-03-16
721,Austin Gibson,braunadam@example.org,New Victoriashire,2025-07-04
722,Savannah Moore,wgrimes@example.net,Justinland,2024-10-29
723,Samantha Williams,mrichardson@example.org,East William,2025-06-05
724,Henry Frederick,waltermiller@example.com,Jerryburgh,2024-11-22
725,Derek Vasquez,michaelagutierrez@example.net,Sanchezbury,2024-05-10
726,Brenda Gray,emily81@example.net,Medinabury,2024-12-23
727,Laura Watson,manthony@example.com,Mercadofort,2025-04-02
728,Mr. Raymond Farrell,stuart09@example.com,Owensmouth,2024-10-22
729,Jose Chen,balldeborah@example.org,Port Jeffrey,2025-11-10
730,George Leblanc,jacob25@example.net,Christopherland,2025-10-06
731,Pam Thompson,mlopez@example.org,East Kathryn,2024-07-17
732,Jessica Becker,michelepetersen@example.org,Sheaside,2025-10-20
733,Ruth Branch,dpaul@example.com,Snyderhaven,2025-11-18
734,James Rodriguez,crawfordjennifer@example.net,Hallshire,2025-09-07
735,Alan Poole,williamrichardson@example.com,Oliverborough,2025-03-06
736,Michael Townsend,tammyanderson@example.net,South Rachel,2025-03-18
737,George Scott,smithmariah@example.com,Edwardburgh,2025-09-01
738,Victoria Ruiz,jacob69@example.org,East Stephanieton,2025-12-21
739,Linda Wood,benjamindrake@example.net,West Frankfurt,2024-11-14
740,Corey Hudson,haneymatthew@example.org,Beckerfort,2025-01-02
741,Annette Shaw,ltaylor@example.net,Dixonberg,2025-05-09
742,Stephanie Bailey,mwarner@example.com,Williamtown,2026-02-11
743,Phillip Martin,zlyons@example.org,Rickyside,2024-05-30
744,Thomas Martin,marcharris@example.org,New Kimberlyburgh,2024-12-27
745,Jennifer Obrien,john48@example.net,Carolynland,2024-07-14
746,Nancy Werner,john27@example.org,Roberthaven,2025-12-28
747,Maria Velasquez,edward34@example.com,Lake Michelle,2024-10-19
748,Dustin Snyder,sarah12@example.net,Davidberg,2025-08-21
749,Jacob Carter,audreysmith@example.org,Paulchester,2024-06-05
750,Matthew West,elizabeth81@example.org,New Bryan,2024-12-03
751,Raymond Robinson,shoffman@example.net,North Seanhaven,2025-10-18
752,Kathryn Blanchard,joseph11@example.com,East Timothytown,2024-03-28
753,Joseph Cooper,ishelton@example.net,Jacobview,2024-12-02
754,James Reyes,stephen26@example.com,New Desiree,2025-07-07
755,Regina Davis,palmerbrianna@example.com,North Anne,2024-09-20
756,Andrew Collins,kward@example.net,Bellbury,2025-05-23
757,Andrew Rogers,ericmartin@example.net,Martinport,2024-11-13
758,Richard Dyer,traci81@example.com,New Elizabeth,2025-07-05
759,Kathleen Smith MD,nwillis@example.net,Brendahaven,2024-04-09
760,Ashley Woodward,martinezkylie@example.com,East Anthonyborough,2024-10-07
761,Mariah Bell,elizabethjohns@example.com,South Ana,2024-12-13
762,Diane Newman,michaellarson@example.com,Stevenston,2025-01-08
763,Eric Andrews,bryancopeland@example.net,Sherryland,2024-04-06
764,Pamela Oneal,scott02@example.org,Chloefort,2024-04-04
765,Amanda Coleman,jonesandrew@example.org,Michaelborough,2024-06-08
766,Daniel Brown,michaelsanders@example.com,Wagnerland,2025-04-22
767,Sean Jacobson,zfisher@example.net,Curtismouth,2025-08-08
768,John Martinez,jacobmendoza@example.com,Alexanderburgh,2024-06-10
769,Michael Nash,kristin15@example.com,Jimmymouth,2025-12-10
770,Brenda Kramer,thomas55@example.org,Port Theresa,2024-09-21
771,Selena Allen,karensnyder@example.org,Benitezbury,2024-05-25
772,Alan Brown,toddpitts@example.net,Lake Stacey,2024-12-03
773,Amber King,richardskatrina@example.net,Derekfort,2025-02-23
774,Alexander Green,zpatel@example.net,Lake Amandafurt,2025-03-27
775,Katelyn Young,lharper@example.net,Port Natashahaven,2024-07-31
776,James George,nunezjennifer@example.org,New Angelamouth,2025-01-20
777,Andrew Sellers,vbrown@example.com,Barryton,2024-09-03
778,James Mooney,deannagross@example.com,Morrowview,2025-03-18
779,Samantha Smith,anthonyshannon@example.org,Jonesburgh,2024-05-29
780,Lindsay Lopez,jaimewilson@example.com,Karamouth,2026-02-04
781,Eric Coleman,jferrell@example.com,Lake Richard,2025-06-18
782,Jerry Figueroa,elliottgregory@example.net,Josephtown,2025-11-30
783,George George,tammytucker@example.com,Cooperton,2025-03-13
784,Veronica Miranda,devonallison@example.org,Lake Johnborough,2024-06-19
785,Alexander Montgomery,erictucker@example.org,Gonzalesside,2024-03-17
786,Daniel Garza,evelynpaul@example.com,Mcdanielland,2025-10-03
787,Brian White,torreswilliam@example.org,Richardsland,2025-03-31
788,Reginald Kennedy,adamsheather@example.com,Marshallside,2025-10-23
789,Kristen Castillo,oanthony@example.org,Lake Gregoryfort,2025-04-19
790,David Oconnor,nicholebarnes@example.net,East Amy,2025-08-02
791,Earl Adkins,jonesjean@example.org,Jackshire,2024-08-19
792,Adam Austin,shawpamela@example.org,Crystalview,2025-08-02
793,Adam Morris,qmartin@example.com,East Jamesberg,2024-05-15
794,Mrs. Jennifer Smith,icarpenter@example.com,New Jamesmouth,2025-02-28
795,Beth Franklin,jason93@example.net,West Christianfurt,2025-11-09
796,Kimberly Williams,lori07@example.com,East Julieview,2024-07-08
797,Mathew Morales,johnjames@example.com,Thomasview,2024-08-09
798,Willie Thompson,nicholasbrown@example.org,Petersonbury,2024-04-12
799,Mr. Carlos Skinner,colebrian@example.net,Port Barbaraborough,2024-05-21
800,Brandon Boyd,qstrong@example.com,Scotthaven,2025-08-31
801,Brian Woods,bward@example.net,Austinmouth,2025-08-22
802,Emily Hampton,ramoscrystal@example.org,West Wendybury,2024-10-02
803,Ashley Fisher,danielpope@example.com,Piercemouth,2024-06-25
804,Lauren Ayers,rosalesashley@example.net,Gayside,2025-05-22
805,Katie Hill,andrea74@example.org,West Dylan,2024-02-20
806,Kyle Page,gonzalezangie@example.com,Danielfurt,2024-12-26
807,Michelle Olson,gloriawilson@example.net,New James,2024-08-13
808,Eric Olson,diane83@example.net,Ellistown,2024-04-19
809,Kimberly Decker,xmyers@example.net,South Tanyafort,2024-08-03
810,Kyle Dawson,carolmartinez@example.org,Jessicaberg,2024-07-08
811,Brittney Berg PhD,david60@example.net,North Laurieland,2024-07-11
812,Stanley Guerra,mferguson@example.org,Wendyfurt,2025-06-11
813,Brittney Meadows,qmiller@example.org,North Emilyhaven,2025-10-02
814,Amanda Avery,iho@example.org,Lake Brendan,2025-11-27
815,Kathleen Barrett,mpearson@example.com,New Sandrafurt,2024-10-10
816,Chelsey Jones,jennifer26@example.org,West Nicholas,2025-03-30
817,Scott Ross,aguirreluis@example.org,Andrewbury,2024-04-09
818,Jason Gonzalez,rebecca68@example.net,North Ian,2024-12-30
819,Laura Johnson,millerjessica@example.net,East Jeremy,2025-04-24
820,Alexandra Shaffer,scott90@example.com,Laurenburgh,2025-11-23
821,Joseph Hardy DVM,kevinrangel@example.com,West Marissaburgh,2024-09-23
822,David Rowe,denise45@example.com,Deborahhaven,2025-08-05
823,William Young,holmesadam@example.com,Thompsonport,2025-12-02
824,Brooke King,glendajackson@example.net,West Christopher,2025-08-11
825,Jordan Franco,howardlee@example.org,Harrisberg,2024-08-07
826,Tiffany Hayes,nriley@example.org,Jessicahaven,2025-11-04
827,Brian Harrison II,wbrown@example.org,West Theresaville,2024-02-26
828,Andrew Adkins,pauldelgado@example.org,Debrachester,2025-01-10
829,David Stewart,moorestephanie@example.com,Sandersport,2024-10-06
830,Elizabeth Barton,tramsey@example.org,Campbellport,2024-06-11
831,Larry Alvarez,scott37@example.org,Terrychester,2025-01-22
832,Daniel Owens,ygilbert@example.net,West Hunterburgh,2024-07-13
833,Tiffany Castillo,yclark@example.net,South Chloestad,2026-02-07
834,Tina Guzman,amandalane@example.net,Amberside,2025-04-20
835,Amanda Smith,bradleygarcia@example.net,Port Barry,2024-12-20
836,David Williams,erica05@example.com,New Jennifer,2025-11-04
837,Benjamin Palmer,gregory88@example.net,South David,2026-01-18
838,Kristen Foster,sbaker@example.org,North Michelle,2025-06-25
839,Tara Wilkinson,johnsoncrystal@example.org,North Jared,2025-09-14
840,Daniel Villanueva,mcconnellwilliam@example.org,Hooverville,2024-02-23
841,Jennifer Elliott,sarahbowen@example.net,Evansburgh,2024-02-22
842,Erin Davis,cynthiaespinoza@example.com,Port Jessica,2026-01-19
843,Laura Mcfarland,bjones@example.com,North Christopherville,2025-03-18
844,Patricia Green,acole@example.org,Alexanderfurt,2024-10-08
845,Jennifer Dominguez,amanda37@example.net,West Michaelhaven,2024-06-10
846,Rebecca Watson,steven74@example.com,Millerburgh,2025-04-04
847,Valerie Wilcox,robertsmelissa@example.org,Johnsonville,2024-08-03
848,Elizabeth Pineda,ortegakatherine@example.net,Lake Donaldport,2024-10-30
849,Lisa Wilkerson,adamnelson@example.com,West John,2024-05-10
850,Kim Serrano,matthewhuang@example.com,Malonehaven,2024-09-29
851,Stephanie Prince,finleybill@example.org,Jamesport,2025-03-22
852,Jeffery Taylor,kevin51@example.org,East Scott,2025-06-16
853,Noah Green,rriley@example.com,East Kristaburgh,2025-05-10
854,Angel Schultz,justinarmstrong@example.org,Lake Alyssastad,2024-12-05
855,Joseph Hughes,kathleen05@example.com,West Meganland,2024-10-05
856,Samuel Mills,lisataylor@example.net,Kellybury,2026-01-11
857,Albert Ward,bennettdale@example.org,Campbellburgh,2025-06-28
858,James Byrd,ronaldmorris@example.net,Spearsshire,2024-12-20
859,Michael Bailey,chelsea39@example.net,East Alyssabury,2025-09-03
860,Lindsey Ferguson,leachronald@example.org,Anthonyport,2024-11-01
861,Michael Watkins,ronaldgreen@example.com,South Ronald,2025-07-13
862,Nicole Holloway,garcialarry@example.net,South Matthew,2025-09-11
863,Carlos Adams,vmyers@example.com,Davenportville,2025-10-19
864,David Henderson,nmelendez@example.net,Stokeston,2024-12-12
865,Sean Byrd,garysanders@example.com,Terrellberg,2025-02-22
866,Paul White,christopherpearson@example.net,Amymouth,2025-08-28
867,Elizabeth Bolton,qbecker@example.org,Herreraborough,2025-04-19
868,Mary Adams,dixonkimberly@example.org,South Allisonland,2024-10-27
869,Thomas Rodgers,mking@example.com,Smithshire,2024-06-02
870,Andrea Mclean,dodsonwillie@example.com,Lake Nicole,2025-06-29
871,Donna Fernandez,dlucero@example.com,Lake Mary,2025-04-03
872,Matthew Nash,buckjeffrey@example.com,South Kimberlyland,2024-04-19
873,Andrew Gibson,michael92@example.net,New Jenniferside,2025-10-30
874,David Lewis,floresjeff@example.com,Lisafurt,2026-01-15
875,Kimberly Bowman,cherylsellers@example.net,Katherinechester,2025-05-14
876,Laura Bates,nelsonwilliam@example.org,Port Debrabury,2024-03-16
877,James Smith,westmichael@example.net,South Christina,2025-08-14
878,Kimberly Garcia,amy10@example.org,North Jeffreyview,2024-08-25
879,Rodney Anthony,richard80@example.com,Haysshire,2024-06-29
880,Richard Castro,uwilliams@example.net,Patrickport,2024-11-30
881,Jose Yu,lynn30@example.com,Josephtown,2026-02-05
882,Teresa Simmons,lance69@example.net,South Christopher,2025-10-21
883,Alisha Mendez,bishopjaclyn@example.net,Michaelville,2025-08-17
884,Laura Day,susan45@example.net,Davismouth,2024-05-15
885,Denise Reed,shannon07@example.org,Hilltown,2024-08-13
886,Monica Moore,williamgibson@example.com,Gregorystad,2024-06-25
887,Alexis Powell,acook@example.net,Lake Davidstad,2024-10-29
888,Andrea Simmons,andrea80@example.net,New Michelle,2024-08-11
889,Emily Graham,popericardo@example.com,South Melissa,2025-03-13
890,Katherine Harvey,ljones@example.org,East Jennaton,2024-09-03
891,Christine Butler,jasonschmidt@example.com,Michaelchester,2025-07-31
892,Robert Gallegos,stephenrogers@example.org,North Elizabeth,2025-04-09
893,Joseph Wright,kristen32@example.net,Pageborough,2025-08-16
894,Angela Johnson,smithisabella@example.com,East Annette,2024-10-04
895,Peter Sanders,wendyjohnson@example.com,Morganchester,2025-06-16
896,Anthony Byrd DDS,markmartinez@example.org,West Pamela,2024-10-05
897,Ronald Alexander,pierceolivia@example.net,Kelliehaven,2025-05-13
898,Robin Kelley,nunezdaniel@example.com,East Robin,2024-04-16
899,Stacy Baldwin,wpatterson@example.net,Lake Christopherberg,2024-05-03
900,Priscilla Henry,christine83@example.org,Whitneyport,2025-11-21
901,Erin Sullivan,druiz@example.com,Lake Robert,2024-10-01
902,Karen Rice,ahill@example.com,Yatesbury,2025-04-30
903,Katherine Chen,meghan96@example.org,Brooksstad,2025-05-08
904,Rose Hall,ericksonwilliam@example.net,Kingtown,2024-11-02
905,Devon Hurst,xallen@example.net,Bishopstad,2025-02-04
906,Raymond Smith,thomasnguyen@example.org,Emilyfort,2025-04-23
907,Lindsay Perez,alishasmith@example.org,West Sheri,2025-06-22
908,Jacqueline Smith,youngjaclyn@example.net,West Jeffreyside,2025-01-14
909,Angelica Hernandez,carpenterjustin@example.org,Thomasstad,2025-02-11
910,John Hansen,micheal53@example.org,West Jamesside,2026-01-27
911,Heather Suarez,jhall@example.org,Beckport,2024-10-25
912,Dr. Craig Brown,matthew36@example.com,West Steven,2024-10-20
913,Samantha Knight,jmedina@example.com,West Thomasfort,2024-08-24
914,Julie Sanders,brownnicole@example.org,Ericchester,2024-03-17
915,Deborah Mcclure,sheila56@example.com,Port Yvonne,2025-05-12
916,Jessica Smith,henrylong@example.org,Port Robert,2026-01-01
917,Matthew Bruce,ireyes@example.org,Myersfort,2025-05-24
918,Sarah Barnes,rhonda57@example.org,Phillipsberg,2024-10-03
919,Karen Hawkins,iwilson@example.com,Martinborough,2024-05-14
920,Laura Palmer,shelbyhernandez@example.com,West Kyleville,2025-09-21
921,Todd Alvarez,perezdana@example.org,Maryberg,2025-07-13
922,Curtis Richards,daniel06@example.com,West Davidmouth,2024-12-23
923,Catherine King,michelle09@example.org,Olsonport,2025-11-07
924,Amanda Small,ycase@example.com,Kathyhaven,2024-07-04
925,Nicole Barnes,whitecharles@example.com,Williamsview,2024-06-16
926,Miranda Ellis,blackjon@example.com,South Robin,2024-06-22
927,Carlos Kelley,jeffreyhernandez@example.com,North Jamesstad,2026-02-16
928,Laurie Romero,eatonrobert@example.org,Muellertown,2025-05-24
929,Jason Turner,yharper@example.net,East Waynefort,2025-01-28
930,Lisa Moore,brandy87@example.org,Halemouth,2025-12-14
931,Laura Green,bobbycunningham@example.org,Donaldhaven,2025-09-04
932,David Cruz,jessica08@example.org,Rhodesfurt,2025-03-30
933,Lisa Calhoun,prattaustin@example.net,Port Jennifer,2025-11-05
934,Charles Frank,cwalsh@example.net,West Katelyn,2024-06-05
935,Laura Browning,calderonrobert@example.com,Johnsonborough,2025-10-18
936,Caleb Horne,lindarussell@example.com,North Chris,2024-10-08
937,Amber Patterson,allison61@example.com,Murraystad,2024-04-11
938,Cindy Martin,matthewanderson@example.org,Lake Ryan,2025-03-17
939,Kimberly Gray MD,price@example.com,East Teresa,2025-07-06
940,Kara Green,leelisa@example.org,Victorview,2025-08-20
941,Roger Daniel,kendra15@example.com,Bryantland,2026-01-27
942,Michael Davis,sherryharper@example.com,Donnaton,2025-09-29
943,Matthew Gallagher,terrellmark@example.org,Ingrammouth,2026-02-01
944,Anthony Ward,ndelgado@example.com,West Jason,2024-12-08
945,Jill Randall,wcobb@example.org,Carneytown,2025-04-27
946,Derek Carson,christopher65@example.org,West Danielle,2025-12-14
947,Ian Garcia,steven39@example.net,Victoriafurt,2025-04-11
948,Brian Reid,shane79@example.net,South Kellystad,2024-09-02
949,Rebekah Williams,piercechristopher@example.com,West Bryan,2025-03-11
950,Nichole Ashley,micheal86@example.org,Patrickstad,2025-11-16
951,Timothy Mclean,ashleyturner@example.com,North Crystalfurt,2024-12-20
952,Courtney Graham,davidbutler@example.org,Bentleyhaven,2024-11-06
953,Gregory Newman,sydney55@example.org,Port Matthew,2024-07-27
954,Jonathan Guerrero,dmartinez@example.com,West Kevin,2024-04-29
955,Kathryn Thompson,clopez@example.net,Kristiehaven,2025-06-17
956,Krystal Hill,bjohnson@example.com,Moralesview,2024-07-03
957,James Smith,ugutierrez@example.org,Lake Kevin,2024-10-09
958,Adrienne Martinez,dillonmelissa@example.net,Martinport,2026-01-31
959,Jo Johnson,hknight@example.com,Berryshire,2025-12-23
960,Nathan Weaver,denise11@example.net,Wesleyhaven,2024-10-05
961,Scott Wilcox,patriciawalker@example.net,Ashleyport,2025-09-13
962,Cynthia Tran,clewis@example.org,Castillobury,2024-10-27
963,Glenn Perez,mcconnellapril@example.com,Port Troyburgh,2024-12-04
964,William Nichols,barbarasnyder@example.org,Jillmouth,2026-01-19
965,Robin Wall,ipeterson@example.net,West Coltontown,2025-12-19
966,Jacqueline Berry,matthewfox@example.org,South Adrienne,2025-11-27
967,Alexander Watson,jessicadeleon@example.net,Byrdland,2024-04-19
968,Priscilla Ramirez,younganna@example.com,Wilsonton,2024-02-29
969,Sandra Case,tamararaymond@example.com,West Russellland,2025-05-10
970,Jared Williams,hawkinssandra@example.com,New Chloe,2025-05-03
971,Andrew Williams,karenweaver@example.com,Kathleenchester,2024-05-29
972,Vanessa Robbins,wanda32@example.com,North Andreamouth,2024-03-22
973,Travis Zhang,kfoster@example.com,Smithburgh,2025-10-06
974,Dawn Scott,vallen@example.com,Lake Jennifer,2025-10-23
975,Eric Ortiz,johnbeard@example.com,Jonesstad,2025-03-18
976,Christopher White,henrylloyd@example.net,Lake Latasha,2025-04-05
977,Ricardo Harris,connormccarty@example.com,West David,2025-08-10
978,Robyn Hudson,rhernandez@example.net,Allenport,2025-07-16
979,Erik Navarro,rossricky@example.org,Brookebury,2024-05-26
980,Brian Pollard,kayladaniels@example.com,New Jessica,2025-07-15
981,Jillian Miller,markchandler@example.org,East Michael,2024-10-08
982,Kathleen Collins,olee@example.net,West Melinda,2025-06-26
983,Julie Hernandez,angelabrooks@example.net,North Christopher,2025-04-21
984,Samuel Clark,catherinesullivan@example.net,Melissaton,2025-01-22
985,Mr. Michael Davis,shawnwelch@example.org,New Heatherburgh,2025-09-17
986,Mr. Jay Huang,harriskelli@example.net,East Teresaland,2025-10-30
987,Peter Carr,wortiz@example.com,Martinezchester,2024-09-28
988,Laura Norton,calebwolf@example.org,Smithborough,2024-08-17
989,Kiara Kim,beverly33@example.net,East Olivia,2025-10-05
990,Larry Evans,floresbrittany@example.net,New Kathleenside,2024-03-16
991,Nathaniel Delgado,delacruzelizabeth@example.org,Marcport,2024-08-19
992,Mr. Jesse Wood,richardmcneil@example.net,West Paulborough,2024-06-16
993,James King,kimberlywilson@example.org,Toddbury,2024-11-29
994,Luis Ryan,keith50@example.com,Castillomouth,2024-04-28
995,Richard Hayes,cartererika@example.com,Frankstad,2024-10-03
996,Katherine Hale,schultzjennifer@example.org,West Logantown,2024-09-08
997,Brent Nelson,fwang@example.com,Robertland,2024-03-28
998,Charles Mathews,pduncan@example.com,West Karenside,2025-09-27
999,Joshua Jarvis,walter17@example.org,Sheilaborough,2025-12-23
1000,Diana Nash PhD,jfuller@example.org,Brownbury,2025-09-08
